{"train_loss": 0.3944188102818372, "valid_loss": 0.30594521335193087, "_timestamp": 1744544603.0859432, "_runtime": 2225.104872226715, "_step": 2, "_wandb": {"runtime": 854}}