{"train_loss": 0.0804653671150114, "valid_loss": 0.05915836206986569, "_timestamp": 1744563100.3358343, "_runtime": 8995.747715234756, "_step": 2, "_wandb": {"runtime": 8982}}