{"train_loss": 0.18594342551134577, "valid_loss": 0.20639500725017468, "_timestamp": 1744456080.4560227, "_runtime": 21784.421063661575, "_step": 8, "_wandb": {"runtime": 21780}}