{"train_loss": 3.0586603255942464, "valid_loss": 1.6872290521860123, "_timestamp": 1744601223.340105, "_runtime": 228.35757207870483, "_step": 0, "_wandb": {"runtime": 221}}