{"train_loss": 0.28469251474538415, "valid_loss": 0.34798179295929993, "_timestamp": 1744364742.2120147, "_runtime": 3604.208719730377, "_step": 7}