{"train_loss": 0.27355290597902154, "valid_loss": 0.2995418575592339, "_timestamp": 1744352496.538066, "_runtime": 3620.6616039276123, "_step": 8, "_wandb": {"runtime": 3613}}