{"train_loss": 0.25876993287456634, "valid_loss": 0.25036118112661887, "_timestamp": 1744524992.9725828, "_runtime": 6863.486163854599, "_step": 2, "_wandb": {"runtime": 6861}}