{"train_loss": 0.28216265957310516, "valid_loss": 0.2989827402246495, "_timestamp": 1744268749.5195596, "_runtime": 3360.1112287044525, "_step": 8, "_wandb": {"runtime": 3352}}