{"train_loss": 0.6403837320096708, "valid_loss": 0.3592845092359356, "_timestamp": 1744529207.896808, "_runtime": 3668.58158993721, "_step": 1, "_wandb": {"runtime": 4661}}